Timestamp,Latitude,Longitude,Depth,Speed,Battery,SignalStrength,Sequence
2023-01-01T10:00:01.000Z,28.613902,77.209042,10.00,2.02,100.0,98.0,0
2023-01-01T10:00:02.000Z,28.613910,77.209026,10.50,2.58,99.8,89.5,1
2023-01-01T10:00:03.000Z,28.613932,77.209082,10.99,2.27,99.7,99.1,2
2023-01-01T10:00:04.000Z,28.613953,77.209115,11.48,3.94,99.5,82.8,3
2023-01-01T10:00:05.000Z,28.613930,77.209082,11.95,2.88,99.3,91.5,4
2023-01-01T10:00:06.000Z,28.613926,77.209096,12.40,2.29,99.2,86.2,5
2023-01-01T10:00:07.000Z,28.613956,77.209126,12.82,2.72,99.0,80.7,6
2023-01-01T10:00:08.000Z,28.614000,77.209179,13.22,2.48,98.8,94.4,7
2023-01-01T10:00:09.000Z,28.613997,77.209143,13.59,2.09,98.7,91.6,8
2023-01-01T10:00:10.000Z,28.613958,77.209199,13.92,2.23,98.5,81.7,9
2023-01-01T10:00:11.000Z,28.613952,77.209237,14.21,3.21,98.3,98.7,10
2023-01-01T10:00:12.000Z,28.613963,77.209248,14.46,3.61,98.2,80.6,11
2023-01-01T10:00:13.000Z,28.613924,77.209274,14.66,3.94,98.0,94.9,12
2023-01-01T10:00:14.000Z,28.613970,77.209315,14.82,3.83,97.8,83.1,13
2023-01-01T10:00:15.000Z,28.613995,77.209295,14.93,3.96,97.7,81.5,14
2023-01-01T10:00:16.000Z,28.613962,77.209282,14.99,3.93,97.5,80.4,15
2023-01-01T10:00:17.000Z,28.613950,77.209306,15.00,3.13,97.3,95.8,16
2023-01-01T10:00:18.000Z,28.613965,77.209275,14.96,2.24,97.2,91.3,17
2023-01-01T10:00:19.000Z,28.613926,77.209301,14.87,2.50,97.0,94.8,18
2023-01-01T10:00:20.000Z,28.613912,77.209261,14.73,3.20,96.8,81.9,19
2023-01-01T10:00:21.000Z,28.613953,77.209260,14.55,2.40,96.7,92.9,20
2023-01-01T10:00:22.000Z,28.614005,77.209258,14.32,2.85,96.5,93.6,21
2023-01-01T10:00:23.000Z,28.613976,77.209316,14.04,3.67,96.3,84.2,22
2023-01-01T10:00:24.000Z,28.613998,77.209301,13.73,2.06,96.2,98.1,23
2023-01-01T10:00:25.000Z,28.613958,77.209349,13.38,2.02,96.0,88.0,24
2023-01-01T10:00:26.000Z,28.614004,77.209322,12.99,2.56,95.8,100.0,25
2023-01-01T10:00:27.000Z,28.613986,77.209335,12.58,2.34,95.7,99.9,26
2023-01-01T10:00:28.000Z,28.613970,77.209338,12.14,2.59,95.5,88.1,27
2023-01-01T10:00:29.000Z,28.614019,77.209319,11.67,3.28,95.3,94.9,28
2023-01-01T10:00:30.000Z,28.614034,77.209295,11.20,2.25,95.2,96.0,29
2023-01-01T10:00:31.000Z,28.614047,77.209345,10.71,3.94,95.0,98.8,30
2023-01-01T10:00:32.000Z,28.614022,77.209394,10.21,3.06,94.8,86.5,31
2023-01-01T10:00:33.000Z,28.613983,77.209375,9.71,3.85,94.7,93.3,32
2023-01-01T10:00:34.000Z,28.614030,77.209394,9.21,3.60,94.5,86.0,33
2023-01-01T10:00:35.000Z,28.614038,77.209368,8.72,3.59,94.3,86.7,34
2023-01-01T10:00:36.000Z,28.614007,77.209423,8.25,2.79,94.2,98.3,35
2023-01-01T10:00:37.000Z,28.614049,77.209420,7.79,3.27,94.0,94.2,36
2023-01-01T10:00:38.000Z,28.614017,77.209385,7.35,3.40,93.8,99.7,37
2023-01-01T10:00:39.000Z,28.614047,77.209443,6.94,3.53,93.7,97.0,38
2023-01-01T10:00:40.000Z,28.614009,77.209426,6.56,3.30,93.5,86.8,39
2023-01-01T10:00:41.000Z,28.613991,77.209439,6.22,3.69,93.3,98.7,40
2023-01-01T10:00:42.000Z,28.613969,77.209494,5.91,2.08,93.2,84.0,41
2023-01-01T10:00:43.000Z,28.614016,77.209502,5.64,3.84,93.0,80.9,42
2023-01-01T10:00:44.000Z,28.613997,77.209533,5.42,2.17,92.8,85.1,43
2023-01-01T10:00:45.000Z,28.614022,77.209503,5.24,3.85,92.7,86.9,44
2023-01-01T10:00:46.000Z,28.614027,77.209561,5.11,3.99,92.5,87.3,45
2023-01-01T10:00:47.000Z,28.614057,77.209539,5.03,2.52,92.3,88.5,46
2023-01-01T10:00:48.000Z,28.614071,77.209574,5.00,2.75,92.2,97.6,47
2023-01-01T10:00:49.000Z,28.614051,77.209633,5.02,3.49,92.0,94.4,48
2023-01-01T10:00:50.000Z,28.614106,77.209640,5.09,2.88,91.8,96.1,49
2023-01-01T10:00:51.000Z,28.614164,77.209613,5.21,2.11,91.7,85.1,50
2023-01-01T10:00:52.000Z,28.614144,77.209663,5.37,3.43,91.5,93.2,51
2023-01-01T10:00:53.000Z,28.614154,77.209691,5.58,2.81,91.3,97.5,52
2023-01-01T10:00:54.000Z,28.614141,77.209723,5.84,2.19,91.2,87.4,53
2023-01-01T10:00:55.000Z,28.614146,77.209759,6.14,3.40,91.0,97.5,54
2023-01-01T10:00:56.000Z,28.614205,77.209745,6.47,3.77,90.8,84.1,55
2023-01-01T10:00:57.000Z,28.614238,77.209746,6.84,3.19,90.7,92.9,56
2023-01-01T10:00:58.000Z,28.614216,77.209795,7.25,3.35,90.5,85.1,57
2023-01-01T10:00:59.000Z,28.614195,77.209835,7.68,3.95,90.3,86.3,58
2023-01-01T10:01:00.000Z,28.614181,77.209854,8.13,3.33,90.2,92.7,59
2023-01-01T10:01:01.000Z,28.614147,77.209910,8.60,2.41,90.0,81.2,60
2023-01-01T10:01:02.000Z,28.614156,77.209947,9.09,2.74,89.8,93.7,61
2023-01-01T10:01:03.000Z,28.614125,77.209949,9.58,3.80,89.7,95.2,62
2023-01-01T10:01:04.000Z,28.614147,77.209976,10.08,2.67,89.5,93.1,63
2023-01-01T10:01:05.000Z,28.614141,77.209978,10.58,2.92,89.3,81.2,64
2023-01-01T10:01:06.000Z,28.614124,77.209943,11.08,3.55,89.2,85.1,65
2023-01-01T10:01:07.000Z,28.614101,77.210001,11.56,2.94,89.0,86.3,66
2023-01-01T10:01:08.000Z,28.614070,77.209986,12.02,3.21,88.8,99.2,67
2023-01-01T10:01:09.000Z,28.614072,77.210025,12.47,2.35,88.7,81.2,68
2023-01-01T10:01:10.000Z,28.614069,77.210081,12.89,2.44,88.5,87.8,69
2023-01-01T10:01:11.000Z,28.614111,77.210087,13.28,2.00,88.3,94.3,70
2023-01-01T10:01:12.000Z,28.614157,77.210120,13.64,2.43,88.2,91.2,71
2023-01-01T10:01:13.000Z,28.614208,77.210169,13.97,2.41,88.0,84.7,72
2023-01-01T10:01:14.000Z,28.614232,77.210136,14.25,2.52,87.8,92.7,73
2023-01-01T10:01:15.000Z,28.614283,77.210099,14.49,3.04,87.7,98.1,74
2023-01-01T10:01:16.000Z,28.614285,77.210068,14.69,3.58,87.5,98.0,75
2023-01-01T10:01:17.000Z,28.614332,77.210089,14.84,3.40,87.3,97.0,76
2023-01-01T10:01:18.000Z,28.614346,77.210052,14.94,3.21,87.2,84.4,77
2023-01-01T10:01:19.000Z,28.614356,77.210077,14.99,3.78,87.0,83.1,78
2023-01-01T10:01:20.000Z,28.614321,77.210115,14.99,2.87,86.8,82.1,79
2023-01-01T10:01:21.000Z,28.614340,77.210169,14.95,2.08,86.7,97.1,80
2023-01-01T10:01:22.000Z,28.614361,77.210211,14.85,2.19,86.5,97.6,81
2023-01-01T10:01:23.000Z,28.614364,77.210267,14.70,2.25,86.3,86.1,82
2023-01-01T10:01:24.000Z,28.614345,77.210302,14.51,3.75,86.2,83.4,83
2023-01-01T10:01:25.000Z,28.614335,77.210324,14.27,3.40,86.0,95.9,84
2023-01-01T10:01:26.000Z,28.614352,77.210350,13.99,2.74,85.8,92.4,85
2023-01-01T10:01:27.000Z,28.614322,77.210312,13.67,2.89,85.7,84.6,86
2023-01-01T10:01:28.000Z,28.614376,77.210352,13.31,3.37,85.5,92.7,87
2023-01-01T10:01:29.000Z,28.614400,77.210328,12.92,3.58,85.3,94.0,88
2023-01-01T10:01:30.000Z,28.614386,77.210321,12.51,3.19,85.2,95.9,89
2023-01-01T10:01:31.000Z,28.614357,77.210343,12.06,2.42,85.0,90.4,90
2023-01-01T10:01:32.000Z,28.614374,77.210396,11.60,2.33,84.8,95.4,91
2023-01-01T10:01:33.000Z,28.614406,77.210392,11.11,2.40,84.7,84.5,92
2023-01-01T10:01:34.000Z,28.614403,77.210356,10.62,2.80,84.5,91.9,93
2023-01-01T10:01:35.000Z,28.614459,77.210391,10.12,3.87,84.3,96.3,94
2023-01-01T10:01:36.000Z,28.614468,77.210378,9.62,3.31,84.2,91.8,95
2023-01-01T10:01:37.000Z,28.614453,77.210370,9.13,2.65,84.0,81.3,96
2023-01-01T10:01:38.000Z,28.614502,77.210424,8.64,2.28,83.8,91.6,97
2023-01-01T10:01:39.000Z,28.614548,77.210387,8.17,3.62,83.7,95.7,98
2023-01-01T10:01:40.000Z,28.614576,77.210406,7.71,3.28,83.5,96.0,99
2023-01-01T10:01:41.000Z,28.614570,77.210426,7.28,3.34,83.3,94.8,100
2023-01-01T10:01:42.000Z,28.614597,77.210423,6.87,2.14,83.2,90.5,101
2023-01-01T10:01:43.000Z,28.614572,77.210471,6.50,2.41,83.0,93.6,102
2023-01-01T10:01:44.000Z,28.614549,77.210464,6.16,3.73,82.8,98.3,103
2023-01-01T10:01:45.000Z,28.614528,77.210434,5.86,2.80,82.7,88.1,104
2023-01-01T10:01:46.000Z,28.614531,77.210456,5.60,3.46,82.5,80.7,105
2023-01-01T10:01:47.000Z,28.614548,77.210421,5.39,3.48,82.3,91.8,106
2023-01-01T10:01:48.000Z,28.614554,77.210394,5.22,3.66,82.2,88.2,107
2023-01-01T10:01:49.000Z,28.614577,77.210426,5.10,3.24,82.0,96.9,108
2023-01-01T10:01:50.000Z,28.614603,77.210403,5.02,2.99,81.8,87.8,109
2023-01-01T10:01:51.000Z,28.614595,77.210381,5.00,2.03,81.7,90.7,110
2023-01-01T10:01:52.000Z,28.614588,77.210374,5.03,2.60,81.5,90.0,111
2023-01-01T10:01:53.000Z,28.614569,77.210356,5.10,2.74,81.3,85.9,112
2023-01-01T10:01:54.000Z,28.614560,77.210408,5.23,3.98,81.2,88.9,113
2023-01-01T10:01:55.000Z,28.614614,77.210390,5.40,2.21,81.0,91.6,114
2023-01-01T10:01:56.000Z,28.614597,77.210401,5.62,2.81,80.8,93.5,115
2023-01-01T10:01:57.000Z,28.614621,77.210396,5.89,2.00,80.7,82.7,116
2023-01-01T10:01:58.000Z,28.614661,77.210432,6.19,3.35,80.5,96.6,117
2023-01-01T10:01:59.000Z,28.614692,77.210423,6.53,2.92,80.3,86.3,118
2023-01-01T10:02:00.000Z,28.614702,77.210453,6.91,2.74,80.2,81.0,119
2023-01-01T10:02:01.000Z,28.614743,77.210414,7.32,2.24,80.0,84.8,120
2023-01-01T10:02:02.000Z,28.614785,77.210380,7.75,3.52,79.8,97.6,121
2023-01-01T10:02:03.000Z,28.614817,77.210340,8.21,3.19,79.7,93.1,122
2023-01-01T10:02:04.000Z,28.614819,77.210381,8.68,2.71,79.5,95.7,123
2023-01-01T10:02:05.000Z,28.614862,77.210435,9.17,2.93,79.3,96.9,124
2023-01-01T10:02:06.000Z,28.614823,77.210422,9.67,2.60,79.2,85.6,125
2023-01-01T10:02:07.000Z,28.614816,77.210416,10.17,3.54,79.0,91.4,126
2023-01-01T10:02:08.000Z,28.614866,77.210474,10.67,3.40,78.8,94.9,127
2023-01-01T10:02:09.000Z,28.614897,77.210527,11.16,2.81,78.7,81.6,128
2023-01-01T10:02:10.000Z,28.614927,77.210535,11.64,2.93,78.5,98.6,129
2023-01-01T10:02:11.000Z,28.614899,77.210576,12.10,2.98,78.3,87.4,130
2023-01-01T10:02:12.000Z,28.614889,77.210614,12.54,2.47,78.2,97.4,131
2023-01-01T10:02:13.000Z,28.614881,77.210618,12.96,2.82,78.0,91.9,132
2023-01-01T10:02:14.000Z,28.614878,77.210669,13.35,3.26,77.8,99.9,133
2023-01-01T10:02:15.000Z,28.614895,77.210725,13.70,3.54,77.7,91.6,134
2023-01-01T10:02:16.000Z,28.614935,77.210783,14.02,2.01,77.5,99.6,135
2023-01-01T10:02:17.000Z,28.614953,77.210792,14.30,4.00,77.3,88.9,136
2023-01-01T10:02:18.000Z,28.614978,77.210765,14.53,2.12,77.2,99.4,137
2023-01-01T10:02:19.000Z,28.614994,77.210751,14.72,2.53,77.0,82.0,138
2023-01-01T10:02:20.000Z,28.614991,77.210755,14.86,3.14,76.8,84.8,139
2023-01-01T10:02:21.000Z,28.614986,77.210810,14.95,2.28,76.7,91.1,140
2023-01-01T10:02:22.000Z,28.614994,77.210833,15.00,3.71,76.5,83.6,141
2023-01-01T10:02:23.000Z,28.614976,77.210863,14.99,2.26,76.3,98.1,142
2023-01-01T10:02:24.000Z,28.615000,77.210861,14.93,3.67,76.2,81.8,143
2023-01-01T10:02:25.000Z,28.615018,77.210905,14.83,3.49,76.0,90.7,144
2023-01-01T10:02:26.000Z,28.615002,77.210885,14.67,2.98,75.8,88.4,145
2023-01-01T10:02:27.000Z,28.614975,77.210879,14.47,3.68,75.7,98.9,146
2023-01-01T10:02:28.000Z,28.614953,77.210923,14.23,3.46,75.5,92.1,147
2023-01-01T10:02:29.000Z,28.615001,77.210937,13.94,2.34,75.3,84.3,148
2023-01-01T10:02:31.000Z,28.614971,77.211035,13.25,3.80,75.0,97.4,150
2023-01-01T10:02:32.000Z,28.614950,77.211033,12.86,2.03,74.8,83.6,151
2023-01-01T10:02:33.000Z,28.614952,77.211044,12.43,3.88,74.7,94.1,152
2023-01-01T10:02:34.000Z,28.614965,77.211078,11.98,3.00,74.5,83.5,153
2023-01-01T10:02:35.000Z,28.615001,77.211090,11.52,3.88,74.3,88.3,154
2023-01-01T10:02:36.000Z,28.615037,77.211103,11.03,2.47,74.2,94.1,155
2023-01-01T10:02:37.000Z,28.615035,77.211145,10.54,3.47,74.0,80.7,156
2023-01-01T10:02:38.000Z,28.615083,77.211127,10.04,3.69,73.8,94.5,157
2023-01-01T10:02:39.000Z,28.615097,77.211099,9.54,2.41,73.7,98.1,158
2023-01-01T10:02:40.000Z,28.615064,77.211137,9.05,3.69,73.5,92.7,159
2023-01-01T10:02:41.000Z,28.615118,77.211162,8.56,2.06,73.3,87.3,160
2023-01-01T10:02:42.000Z,28.615085,77.211173,8.09,3.92,73.2,98.6,161
2023-01-01T10:02:43.000Z,28.615100,77.211146,7.64,3.50,73.0,97.3,162
2023-01-01T10:02:44.000Z,28.615114,77.211149,7.21,3.30,72.8,83.0,163
2023-01-01T10:02:45.000Z,28.615117,77.211116,6.81,2.13,72.7,87.9,164
2023-01-01T10:02:46.000Z,28.615173,77.211128,6.44,2.94,72.5,93.6,165
2023-01-01T10:02:47.000Z,28.615152,77.211174,6.11,2.82,72.3,80.6,166
2023-01-01T10:02:48.000Z,28.615125,77.211175,5.81,3.03,72.2,83.3,167
2023-01-01T10:02:49.000Z,28.615131,77.211156,5.56,3.13,72.0,81.4,168
2023-01-01T10:02:50.000Z,28.615169,77.211158,5.35,3.27,71.8,92.6,169
2023-01-01T10:02:51.000Z,28.615158,77.211170,5.19,2.65,71.7,85.5,170
2023-01-01T10:02:52.000Z,28.615137,77.211144,5.08,2.34,71.5,81.7,171
2023-01-01T10:02:53.000Z,28.615141,77.211128,5.02,3.28,71.3,91.5,172
2023-01-01T10:02:54.000Z,28.615135,77.211150,5.00,3.90,71.2,86.9,173
2023-01-01T10:02:55.000Z,28.615095,77.211186,5.04,2.93,71.0,95.7,174
2023-01-01T10:02:56.000Z,28.615106,77.211230,5.12,3.43,70.8,91.2,175
2023-01-01T10:02:58.000Z,28.615163,77.211233,5.44,2.45,70.5,82.5,177
2023-01-01T10:02:59.000Z,28.615205,77.211287,5.66,2.14,70.3,85.3,178
2023-01-01T10:03:00.000Z,28.615170,77.211316,5.93,3.02,70.2,83.3,179
2023-01-01T10:03:01.000Z,28.615152,77.211290,6.25,2.82,70.0,92.3,180
2023-01-01T10:03:02.000Z,28.615165,77.211266,6.59,2.63,69.8,87.7,181
2023-01-01T10:03:03.000Z,28.615132,77.211238,6.98,3.30,69.7,82.8,182
2023-01-01T10:03:04.000Z,28.615170,77.211291,7.39,3.85,69.5,89.5,183
2023-01-01T10:03:05.000Z,28.615190,77.211321,7.83,3.03,69.3,87.1,184
2023-01-01T10:03:06.000Z,28.615169,77.211327,8.29,2.81,69.2,86.2,185
2023-01-01T10:03:08.000Z,28.615179,77.211394,9.26,3.01,68.8,87.0,187
2023-01-01T10:03:09.000Z,28.615158,77.211385,9.75,2.31,68.7,99.5,188
2023-01-01T10:03:10.000Z,28.615129,77.211393,10.25,3.30,68.5,82.2,189
2023-01-01T10:03:11.000Z,28.615185,77.211382,10.75,3.00,68.3,82.4,190
2023-01-01T10:03:12.000Z,28.615202,77.211374,11.24,2.80,68.2,89.0,191
2023-01-01T10:03:13.000Z,28.615201,77.211408,11.72,3.75,68.0,96.3,192
2023-01-01T10:03:14.000Z,28.615237,77.211391,12.18,3.19,67.8,89.6,193
2023-01-01T10:03:15.000Z,28.615243,77.211368,12.62,3.90,67.7,82.9,194
2023-01-01T10:03:16.000Z,28.615273,77.211426,13.03,3.27,67.5,95.1,195
2023-01-01T10:03:17.000Z,28.615282,77.211445,13.41,3.73,67.3,83.4,196
2023-01-01T10:03:18.000Z,28.615295,77.211423,13.76,3.66,67.2,91.0,197
2023-01-01T10:03:19.000Z,28.615313,77.211443,14.07,2.33,67.0,88.0,198
2023-01-01T10:03:20.000Z,28.615291,77.211486,14.34,3.20,66.8,92.9,199
2023-01-01T10:03:22.000Z,28.615261,77.211533,14.75,2.60,66.5,97.2,201
2023-01-01T10:03:23.000Z,28.615258,77.211562,14.88,3.96,66.3,99.5,202
2023-01-01T10:03:24.000Z,28.615308,77.211546,14.96,2.50,66.2,92.0,203
2023-01-01T10:03:25.000Z,28.615272,77.211509,15.00,3.17,66.0,93.7,204
2023-01-01T10:03:26.000Z,28.615306,77.211490,14.98,2.70,65.8,83.6,205
2023-01-01T10:03:27.000Z,28.615297,77.211478,14.92,3.98,65.7,99.4,206
2023-01-01T10:03:28.000Z,28.615277,77.211455,14.81,2.85,65.5,82.4,207
2023-01-01T10:03:29.000Z,28.615281,77.211491,14.64,3.47,65.3,89.4,208
2023-01-01T10:03:30.000Z,28.615274,77.211500,14.44,2.84,65.2,88.0,209
2023-01-01T10:03:31.000Z,28.615238,77.211494,14.18,2.37,65.0,80.8,210
2023-01-01T10:03:32.000Z,28.615285,77.211485,13.89,3.75,64.8,81.2,211
2023-01-01T10:03:33.000Z,28.615254,77.211499,13.56,3.67,64.7,83.5,212
2023-01-01T10:03:34.000Z,28.615282,77.211557,13.19,2.73,64.5,96.1,213
2023-01-01T10:03:35.000Z,28.615313,77.211581,12.79,3.92,64.3,90.9,214
2023-01-01T10:03:36.000Z,28.615357,77.211555,12.36,2.80,64.2,91.3,215
2023-01-01T10:03:37.000Z,28.615322,77.211537,11.91,2.10,64.0,87.3,216
2023-01-01T10:03:38.000Z,28.615359,77.211582,11.44,3.80,63.8,83.1,217
2023-01-01T10:03:39.000Z,28.615328,77.211564,10.95,2.63,63.7,84.9,218
2023-01-01T10:03:40.000Z,28.615353,77.211533,10.46,3.96,63.5,82.4,219
2023-01-01T10:03:41.000Z,28.615406,77.211513,9.96,3.28,63.3,96.8,220
2023-01-01T10:03:42.000Z,28.615374,77.211516,9.46,2.12,63.2,86.2,221
2023-01-01T10:03:43.000Z,28.615424,77.211513,8.96,3.71,63.0,89.4,222
2023-01-01T10:03:44.000Z,28.615412,77.211561,8.48,3.77,62.8,90.0,223
2023-01-01T10:03:45.000Z,28.615408,77.211535,8.01,2.92,62.7,94.6,224
2023-01-01T10:03:46.000Z,28.615461,77.211555,7.56,3.10,62.5,93.9,225
2023-01-01T10:03:47.000Z,28.615472,77.211567,7.14,3.37,62.3,92.7,226
2023-01-01T10:03:48.000Z,28.615507,77.211587,6.75,2.10,62.2,88.3,227
2023-01-01T10:03:49.000Z,28.615499,77.211598,6.38,3.49,62.0,99.4,228
2023-01-01T10:03:50.000Z,28.615556,77.211612,6.06,2.43,61.8,97.1,229
2023-01-01T10:03:51.000Z,28.615584,77.211620,5.77,3.26,61.7,92.2,230
2023-01-01T10:03:52.000Z,28.615560,77.211644,5.52,2.10,61.5,81.7,231
2023-01-01T10:03:53.000Z,28.615593,77.211699,5.32,2.71,61.3,89.1,232
2023-01-01T10:03:54.000Z,28.615650,77.211663,5.17,3.01,61.2,96.6,233
2023-01-01T10:03:55.000Z,28.615690,77.211709,5.07,3.75,61.0,97.3,234
2023-01-01T10:03:56.000Z,28.615718,77.211711,5.01,2.49,60.8,99.8,235
2023-01-01T10:03:57.000Z,28.615687,77.211725,5.00,3.47,60.7,88.7,236
2023-01-01T10:03:58.000Z,28.615678,77.211730,5.05,2.25,60.5,84.6,237
2023-01-01T10:03:59.000Z,28.615644,77.211707,5.14,3.94,60.3,92.7,238
2023-01-01T10:04:00.000Z,28.615668,77.211730,5.28,2.69,60.2,85.0,239
2023-01-01T10:04:01.000Z,28.615666,77.211691,5.47,2.69,60.0,81.4,240
2023-01-01T10:04:02.000Z,28.615675,77.211663,5.71,3.04,59.8,99.7,241
2023-01-01T10:04:03.000Z,28.615725,77.211675,5.98,2.31,59.7,96.7,242
2023-01-01T10:04:04.000Z,28.615783,77.211687,6.30,3.35,59.5,88.3,243
2023-01-01T10:04:05.000Z,28.615776,77.211719,6.66,2.49,59.3,96.9,244
2023-01-01T10:04:06.000Z,28.615786,77.211696,7.04,3.06,59.2,92.1,245
2023-01-01T10:04:07.000Z,28.615837,77.211675,7.46,2.95,59.0,94.1,246
2023-01-01T10:04:08.000Z,28.615819,77.211688,7.90,2.75,58.8,91.7,247
2023-01-01T10:04:09.000Z,28.615830,77.211702,8.37,3.07,58.7,83.2,248
2023-01-01T10:04:10.000Z,28.615807,77.211721,8.85,2.05,58.5,83.9,249
2023-01-01T10:04:11.000Z,28.615830,77.211688,9.34,3.31,58.3,93.8,250
2023-01-01T10:04:12.000Z,28.615848,77.211746,9.84,3.73,58.2,97.2,251
2023-01-01T10:04:13.000Z,28.615849,77.211778,10.34,3.06,58.0,82.4,252
2023-01-01T10:04:14.000Z,28.615894,77.211768,10.83,2.91,57.8,89.4,253
2023-01-01T10:04:15.000Z,28.615900,77.211733,11.32,2.67,57.7,84.3,254
2023-01-01T10:04:16.000Z,28.615904,77.211756,11.80,2.26,57.5,90.7,255
2023-01-01T10:04:17.000Z,28.615916,77.211723,12.25,3.13,57.3,96.4,256
2023-01-01T10:04:18.000Z,28.615949,77.211758,12.69,3.48,57.2,90.9,257
2023-01-01T10:04:19.000Z,28.615961,77.211767,13.09,2.54,57.0,84.5,258
2023-01-01T10:04:20.000Z,28.615975,77.211790,13.47,3.54,56.8,86.2,259
2023-01-01T10:04:21.000Z,28.616032,77.211819,13.81,2.85,56.7,86.8,260
2023-01-01T10:04:22.000Z,28.616037,77.211787,14.12,2.49,56.5,97.3,261
2023-01-01T10:04:23.000Z,28.616076,77.211784,14.38,2.94,56.3,86.8,262
2023-01-01T10:04:24.000Z,28.616068,77.211806,14.60,2.51,56.2,87.8,263
2023-01-01T10:04:25.000Z,28.616108,77.211768,14.77,3.29,56.0,94.2,264
2023-01-01T10:04:26.000Z,28.616102,77.211812,14.90,2.61,55.8,87.7,265
2023-01-01T10:04:28.000Z,28.616170,77.211819,15.00,3.09,55.5,98.4,267
2023-01-01T10:04:29.000Z,28.616146,77.211857,14.98,3.40,55.3,85.3,268
2023-01-01T10:04:30.000Z,28.616153,77.211834,14.90,2.07,55.2,81.9,269
2023-01-01T10:04:31.000Z,28.616130,77.211875,14.78,3.46,55.0,96.4,270
2023-01-01T10:04:32.000Z,28.616120,77.211839,14.61,2.41,54.8,91.4,271
2023-01-01T10:04:33.000Z,28.616119,77.211846,14.40,3.53,54.7,82.0,272
2023-01-01T10:04:34.000Z,28.616112,77.211868,14.14,3.89,54.5,87.1,273
2023-01-01T10:04:36.000Z,28.616098,77.211891,13.50,3.76,54.2,98.8,275
2023-01-01T10:04:37.000Z,28.616157,77.211891,13.12,2.92,54.0,90.5,276
2023-01-01T10:04:38.000Z,28.616139,77.211901,12.72,2.26,53.8,92.7,277
2023-01-01T10:04:39.000Z,28.616190,77.211873,12.28,3.00,53.7,90.1,278
2023-01-01T10:04:40.000Z,28.616230,77.211860,11.83,3.38,53.5,96.7,279
2023-01-01T10:04:41.000Z,28.616243,77.211862,11.35,2.49,53.3,89.3,280
2023-01-01T10:04:42.000Z,28.616229,77.211896,10.87,3.70,53.2,85.7,281
2023-01-01T10:04:43.000Z,28.616283,77.211860,10.37,2.45,53.0,87.5,282
2023-01-01T10:04:44.000Z,28.616331,77.211833,9.87,2.11,52.8,98.3,283
2023-01-01T10:04:45.000Z,28.616322,77.211858,9.37,2.69,52.7,99.6,284
2023-01-01T10:04:46.000Z,28.616306,77.211819,8.88,2.26,52.5,94.7,285
2023-01-01T10:04:47.000Z,28.616271,77.211844,8.40,2.19,52.3,97.4,286
2023-01-01T10:04:48.000Z,28.616234,77.211854,7.94,2.30,52.2,92.3,287
2023-01-01T10:04:49.000Z,28.616292,77.211908,7.49,3.14,52.0,91.6,288
2023-01-01T10:04:50.000Z,28.616320,77.211899,7.07,2.80,51.8,87.0,289
2023-01-01T10:04:51.000Z,28.616301,77.211933,6.68,2.99,51.7,85.1,290
2023-01-01T10:04:52.000Z,28.616357,77.211925,6.33,2.04,51.5,96.3,291
2023-01-01T10:04:53.000Z,28.616408,77.211959,6.00,2.53,51.3,88.3,292
2023-01-01T10:04:54.000Z,28.616386,77.211975,5.72,2.00,51.2,87.5,293
2023-01-01T10:04:55.000Z,28.616404,77.212028,5.49,2.27,51.0,88.9,294
2023-01-01T10:04:56.000Z,28.616373,77.211994,5.29,3.04,50.8,97.1,295
2023-01-01T10:04:57.000Z,28.616406,77.212033,5.15,3.61,50.7,86.5,296
2023-01-01T10:04:58.000Z,28.616374,77.212082,5.05,2.05,50.5,94.0,297
2023-01-01T10:04:59.000Z,28.616373,77.212046,5.01,3.00,50.3,96.6,298
2023-01-01T10:05:00.000Z,28.616432,77.212071,5.01,3.48,50.2,93.4,299
2023-01-01T10:05:01.000Z,28.616443,77.212032,5.06,2.40,50.0,88.8,300
2023-01-01T10:05:02.000Z,28.616432,77.212021,5.16,3.39,49.8,90.8,301
2023-01-01T10:05:03.000Z,28.616486,77.212007,5.31,2.75,49.7,99.9,302
2023-01-01T10:05:04.000Z,28.616500,77.212059,5.51,3.12,49.5,98.1,303
2023-01-01T10:05:05.000Z,28.616474,77.212058,5.75,3.63,49.3,83.0,304
2023-01-01T10:05:06.000Z,28.616458,77.212109,6.03,2.08,49.2,86.4,305
2023-01-01T10:05:07.000Z,28.616508,77.212129,6.36,2.68,49.0,88.1,306
2023-01-01T10:05:08.000Z,28.616468,77.212169,6.72,3.39,48.8,89.0,307
2023-01-01T10:05:09.000Z,28.616483,77.212197,7.11,2.49,48.7,84.7,308
2023-01-01T10:05:10.000Z,28.616482,77.212172,7.53,2.83,48.5,96.0,309
2023-01-01T10:05:11.000Z,28.616539,77.212187,7.98,3.77,48.3,97.2,310
2023-01-01T10:05:12.000Z,28.616533,77.212202,8.45,3.96,48.2,94.1,311
2023-01-01T10:05:13.000Z,28.616584,77.212202,8.93,3.02,48.0,90.0,312
2023-01-01T10:05:14.000Z,28.616579,77.212224,9.42,2.51,47.8,95.1,313
2023-01-01T10:05:15.000Z,28.616595,77.212267,9.92,2.34,47.7,83.2,314
2023-01-01T10:05:16.000Z,28.616583,77.212318,10.42,3.72,47.5,98.3,315
2023-01-01T10:05:17.000Z,28.616609,77.212312,10.92,3.53,47.3,99.2,316
2023-01-01T10:05:18.000Z,28.616623,77.212303,11.40,3.11,47.2,83.7,317
2023-01-01T10:05:19.000Z,28.616634,77.212269,11.87,3.27,47.0,81.7,318
2023-01-01T10:05:20.000Z,28.616624,77.212286,12.33,2.45,46.8,89.1,319
2023-01-01T10:05:21.000Z,28.616645,77.212260,12.76,3.38,46.7,82.1,320
2023-01-01T10:05:22.000Z,28.616660,77.212266,13.16,3.81,46.5,80.0,321
2023-01-01T10:05:23.000Z,28.616708,77.212319,13.53,3.52,46.3,90.0,322
2023-01-01T10:05:24.000Z,28.616713,77.212334,13.87,3.00,46.2,84.2,323
2023-01-01T10:05:25.000Z,28.616744,77.212365,14.16,2.40,46.0,80.3,324
2023-01-01T10:05:26.000Z,28.616726,77.212328,14.42,3.20,45.8,88.7,325
2023-01-01T10:05:27.000Z,28.616777,77.212349,14.63,3.51,45.7,92.8,326
2023-01-01T10:05:28.000Z,28.616808,77.212338,14.80,2.54,45.5,98.9,327
2023-01-01T10:05:29.000Z,28.616830,77.212376,14.91,2.73,45.3,89.8,328
2023-01-01T10:05:30.000Z,28.616825,77.212346,14.98,3.69,45.2,94.3,329
2023-01-01T10:05:31.000Z,28.616831,77.212316,15.00,3.40,45.0,87.0,330
2023-01-01T10:05:32.000Z,28.616852,77.212293,14.97,3.88,44.8,86.8,331
2023-01-01T10:05:33.000Z,28.616910,77.212311,14.89,2.77,44.7,80.8,332
2023-01-01T10:05:34.000Z,28.616940,77.212286,14.76,3.43,44.5,94.3,333
2023-01-01T10:05:35.000Z,28.616962,77.212286,14.58,3.36,44.3,82.5,334
2023-01-01T10:05:36.000Z,28.616988,77.212262,14.36,2.29,44.2,82.7,335
2023-01-01T10:05:37.000Z,28.617012,77.212262,14.09,3.98,44.0,82.5,336
2023-01-01T10:05:38.000Z,28.616987,77.212308,13.78,2.54,43.8,86.3,337
2023-01-01T10:05:39.000Z,28.617008,77.212361,13.44,3.54,43.7,82.3,338
2023-01-01T10:05:40.000Z,28.616979,77.212366,13.06,2.67,43.5,98.7,339
2023-01-01T10:05:41.000Z,28.616946,77.212335,12.65,3.39,43.3,93.2,340
2023-01-01T10:05:42.000Z,28.616981,77.212391,12.21,2.13,43.2,83.1,341
2023-01-01T10:05:43.000Z,28.616949,77.212416,11.75,3.02,43.0,95.5,342
2023-01-01T10:05:44.000Z,28.616961,77.212398,11.27,2.95,42.8,86.3,343
2023-01-01T10:05:45.000Z,28.616995,77.212446,10.78,2.97,42.7,99.7,344
2023-01-01T10:05:46.000Z,28.617042,77.212411,10.29,3.40,42.5,80.8,345
2023-01-01T10:05:47.000Z,28.617004,77.212421,9.79,3.32,42.3,85.9,346
2023-01-01T10:05:48.000Z,28.617014,77.212388,9.29,3.92,42.2,87.3,347
2023-01-01T10:05:49.000Z,28.616997,77.212367,8.80,3.03,42.0,95.2,348
2023-01-01T10:05:50.000Z,28.616963,77.212345,8.32,3.82,41.8,92.1,349
2023-01-01T10:05:51.000Z,28.616944,77.212394,7.86,2.30,41.7,80.1,350
2023-01-01T10:05:52.000Z,28.616926,77.212451,7.42,3.98,41.5,97.2,351
2023-01-01T10:05:55.000Z,28.616861,77.212526,6.27,3.98,41.0,93.4,354
2023-01-01T10:05:57.000Z,28.616871,77.212463,5.68,3.01,40.7,80.1,356
2023-01-01T10:05:58.000Z,28.616870,77.212446,5.45,2.59,40.5,85.7,357
2023-01-01T10:05:59.000Z,28.616894,77.212480,5.27,2.91,40.3,91.5,358
2023-01-01T10:06:00.000Z,28.616891,77.212523,5.13,3.01,40.2,81.2,359
2023-01-01T10:06:01.000Z,28.616864,77.212579,5.04,3.33,40.0,98.9,360
2023-01-01T10:06:02.000Z,28.616840,77.212552,5.00,2.37,39.8,91.9,361
2023-01-01T10:06:03.000Z,28.616811,77.212561,5.01,2.95,39.7,87.4,362
2023-01-01T10:06:04.000Z,28.616825,77.212577,5.07,2.86,39.5,96.3,363
2023-01-01T10:06:05.000Z,28.616874,77.212546,5.18,2.68,39.3,92.7,364
2023-01-01T10:06:06.000Z,28.616858,77.212587,5.34,3.49,39.2,99.5,365
2023-01-01T10:06:07.000Z,28.616910,77.212555,5.55,2.62,39.0,85.7,366
2023-01-01T10:06:08.000Z,28.616949,77.212585,5.80,2.03,38.8,97.4,367
2023-01-01T10:06:09.000Z,28.616960,77.212631,6.09,3.11,38.7,84.4,368
2023-01-01T10:06:10.000Z,28.616967,77.212680,6.42,3.08,38.5,81.7,369
2023-01-01T10:06:11.000Z,28.616981,77.212656,6.78,3.30,38.3,88.9,370
2023-01-01T10:06:12.000Z,28.617027,77.212621,7.18,3.29,38.2,84.6,371
2023-01-01T10:06:13.000Z,28.617052,77.212603,7.61,3.29,38.0,98.6,372
2023-01-01T10:06:14.000Z,28.617067,77.212651,8.06,3.80,37.8,89.5,373
2023-01-01T10:06:15.000Z,28.617116,77.212684,8.53,3.24,37.7,99.9,374
2023-01-01T10:06:16.000Z,28.617094,77.212705,9.01,3.93,37.5,87.7,375
2023-01-01T10:06:17.000Z,28.617062,77.212757,9.51,3.58,37.3,80.5,376
2023-01-01T10:06:18.000Z,28.617061,77.212734,10.00,3.92,37.2,89.4,377
2023-01-01T10:06:19.000Z,28.617072,77.212743,10.50,2.06,37.0,87.7,378
2023-01-01T10:06:20.000Z,28.617123,77.212784,11.00,2.75,36.8,96.7,379
2023-01-01T10:06:21.000Z,28.617156,77.212784,11.48,2.20,36.7,97.3,380
2023-01-01T10:06:22.000Z,28.617186,77.212794,11.95,3.13,36.5,96.7,381
2023-01-01T10:06:23.000Z,28.617163,77.212821,12.40,3.12,36.3,84.1,382
2023-01-01T10:06:24.000Z,28.617163,77.212799,12.83,3.53,36.2,84.8,383
2023-01-01T10:06:25.000Z,28.617153,77.212837,13.22,3.84,36.0,93.7,384
2023-01-01T10:06:26.000Z,28.617173,77.212840,13.59,2.69,35.8,94.2,385
2023-01-01T10:06:27.000Z,28.617172,77.212801,13.92,2.94,35.7,95.7,386
2023-01-01T10:06:28.000Z,28.617212,77.212816,14.21,2.21,35.5,94.5,387
2023-01-01T10:06:29.000Z,28.617255,77.212796,14.46,3.84,35.3,94.0,388
2023-01-01T10:06:30.000Z,28.617305,77.212809,14.66,2.19,35.2,80.8,389
2023-01-01T10:06:31.000Z,28.617314,77.212868,14.82,3.33,35.0,82.9,390
2023-01-01T10:06:32.000Z,28.617372,77.212866,14.93,2.39,34.8,99.4,391
2023-01-01T10:06:33.000Z,28.617429,77.212920,14.99,3.93,34.7,82.3,392
2023-01-01T10:06:34.000Z,28.617461,77.212929,15.00,2.18,34.5,98.6,393
2023-01-01T10:06:35.000Z,28.617512,77.212895,14.96,2.10,34.3,87.2,394
2023-01-01T10:06:36.000Z,28.617486,77.212914,14.87,2.33,34.2,89.2,395
2023-01-01T10:06:37.000Z,28.617459,77.212922,14.73,2.15,34.0,90.5,396
2023-01-01T10:06:38.000Z,28.617505,77.212923,14.54,2.78,33.8,84.0,397
2023-01-01T10:06:39.000Z,28.617538,77.212966,14.31,3.32,33.7,83.8,398
2023-01-01T10:06:40.000Z,28.617504,77.212953,14.04,3.68,33.5,88.2,399
2023-01-01T10:06:42.000Z,28.617496,77.212933,13.37,3.50,33.2,81.3,401
2023-01-01T10:06:43.000Z,28.617489,77.212980,12.99,2.16,33.0,96.6,402
2023-01-01T10:06:44.000Z,28.617524,77.212946,12.57,2.93,32.8,89.1,403
2023-01-01T10:06:45.000Z,28.617541,77.212984,12.13,3.09,32.7,83.2,404
2023-01-01T10:06:46.000Z,28.617534,77.212988,11.67,3.10,32.5,81.7,405
2023-01-01T10:06:47.000Z,28.617507,77.212967,11.19,2.72,32.3,93.8,406
2023-01-01T10:06:48.000Z,28.617492,77.212981,10.70,2.56,32.2,82.2,407
2023-01-01T10:06:49.000Z,28.617484,77.212976,10.20,3.16,32.0,93.2,408
2023-01-01T10:06:50.000Z,28.617536,77.212968,9.70,3.69,31.8,89.9,409
2023-01-01T10:06:51.000Z,28.617507,77.212946,9.21,3.24,31.7,95.7,410
2023-01-01T10:06:52.000Z,28.617494,77.212940,8.72,3.44,31.5,88.9,411
2023-01-01T10:06:53.000Z,28.617471,77.212960,8.24,3.72,31.3,93.7,412
2023-01-01T10:06:54.000Z,28.617440,77.212940,7.78,3.65,31.2,87.0,413
2023-01-01T10:06:55.000Z,28.617440,77.212943,7.35,3.25,31.0,99.3,414
2023-01-01T10:06:56.000Z,28.617491,77.212984,6.94,2.03,30.8,94.1,415
2023-01-01T10:06:57.000Z,28.617543,77.212975,6.56,2.64,30.7,90.4,416
2023-01-01T10:06:58.000Z,28.617601,77.213022,6.21,2.63,30.5,85.6,417
2023-01-01T10:06:59.000Z,28.617623,77.213035,5.91,2.44,30.3,90.5,418
2023-01-01T10:07:00.000Z,28.617681,77.213021,5.64,2.64,30.2,86.0,419
2023-01-01T10:07:01.000Z,28.617661,77.213023,5.42,2.28,30.0,90.4,420
2023-01-01T10:07:02.000Z,28.617691,77.213064,5.24,3.02,29.8,95.6,421
2023-01-01T10:07:03.000Z,28.617731,77.213065,5.11,3.03,29.7,93.8,422
2023-01-01T10:07:04.000Z,28.617790,77.213064,5.03,3.76,29.5,99.9,423
2023-01-01T10:07:05.000Z,28.617845,77.213097,5.00,2.20,29.3,86.6,424
2023-01-01T10:07:07.000Z,28.617884,77.213177,5.09,3.00,29.0,90.8,426
2023-01-01T10:07:08.000Z,28.617935,77.213187,5.21,2.83,28.8,82.7,427
2023-01-01T10:07:09.000Z,28.617950,77.213204,5.37,3.89,28.7,80.6,428
2023-01-01T10:07:10.000Z,28.617960,77.213251,5.58,2.90,28.5,82.1,429
2023-01-01T10:07:11.000Z,28.618012,77.213213,5.84,2.17,28.3,99.8,430
2023-01-01T10:07:12.000Z,28.618008,77.213254,6.14,3.51,28.2,98.2,431
2023-01-01T10:07:13.000Z,28.617970,77.213231,6.48,3.64,28.0,85.3,432
2023-01-01T10:07:14.000Z,28.617997,77.213282,6.85,3.87,27.8,81.4,433
2023-01-01T10:07:15.000Z,28.617986,77.213285,7.25,2.76,27.7,85.6,434
2023-01-01T10:07:16.000Z,28.618046,77.213258,7.68,2.59,27.5,89.9,435
2023-01-01T10:07:17.000Z,28.618071,77.213257,8.13,2.47,27.3,98.4,436
2023-01-01T10:07:18.000Z,28.618032,77.213280,8.61,3.38,27.2,80.8,437
2023-01-01T10:07:19.000Z,28.617993,77.213338,9.09,2.73,27.0,95.1,438
2023-01-01T10:07:20.000Z,28.617999,77.213322,9.59,3.62,26.8,88.3,439
2023-01-01T10:07:21.000Z,28.617978,77.213371,10.09,3.12,26.7,90.9,440
2023-01-01T10:07:22.000Z,28.617963,77.213394,10.59,2.55,26.5,90.9,441
2023-01-01T10:07:23.000Z,28.617967,77.213408,11.08,3.62,26.3,91.9,442
2023-01-01T10:07:24.000Z,28.617948,77.213426,11.56,3.55,26.2,97.2,443
2023-01-01T10:07:25.000Z,28.617922,77.213446,12.03,3.50,26.0,93.4,444
2023-01-01T10:07:26.000Z,28.617956,77.213493,12.47,3.77,25.8,93.2,445
2023-01-01T10:07:27.000Z,28.617938,77.213523,12.90,3.35,25.7,88.2,446
2023-01-01T10:07:28.000Z,28.617902,77.213575,13.29,3.26,25.5,82.9,447
2023-01-01T10:07:29.000Z,28.617909,77.213591,13.65,3.42,25.3,87.1,448
2023-01-01T10:07:30.000Z,28.617947,77.213555,13.97,3.35,25.2,87.6,449
2023-01-01T10:07:31.000Z,28.617983,77.213540,14.25,3.35,25.0,81.8,450
2023-01-01T10:07:32.000Z,28.618042,77.213557,14.50,3.48,24.8,85.5,451
2023-01-01T10:07:34.000Z,28.618000,77.213570,14.84,3.24,24.5,92.8,453
2023-01-01T10:07:35.000Z,28.618029,77.213567,14.94,2.61,24.3,87.8,454
2023-01-01T10:07:36.000Z,28.618067,77.213581,14.99,2.76,24.2,87.3,455
2023-01-01T10:07:37.000Z,28.618105,77.213633,14.99,2.86,24.0,86.2,456
2023-01-01T10:07:38.000Z,28.618119,77.213686,14.95,2.17,23.8,90.8,457
2023-01-01T10:07:39.000Z,28.618092,77.213647,14.85,3.53,23.7,86.7,458
2023-01-01T10:07:40.000Z,28.618150,77.213686,14.70,3.59,23.5,82.7,459
2023-01-01T10:07:41.000Z,28.618135,77.213670,14.51,2.12,23.3,90.8,460
2023-01-01T10:07:42.000Z,28.618147,77.213691,14.27,2.66,23.2,87.6,461
2023-01-01T10:07:43.000Z,28.618114,77.213725,13.99,2.43,23.0,96.4,462
2023-01-01T10:07:44.000Z,28.618117,77.213710,13.67,2.69,22.8,86.2,463
2023-01-01T10:07:45.000Z,28.618078,77.213769,13.31,3.93,22.7,93.6,464
2023-01-01T10:07:46.000Z,28.618119,77.213771,12.92,2.83,22.5,89.3,465
2023-01-01T10:07:47.000Z,28.618137,77.213789,12.50,2.49,22.3,86.2,466
2023-01-01T10:07:48.000Z,28.618182,77.213782,12.06,3.44,22.2,89.7,467
2023-01-01T10:07:49.000Z,28.618186,77.213780,11.59,2.97,22.0,81.7,468
2023-01-01T10:07:50.000Z,28.618236,77.213813,11.11,2.21,21.8,99.9,469
2023-01-01T10:07:51.000Z,28.618288,77.213871,10.62,2.74,21.7,98.9,470
2023-01-01T10:07:52.000Z,28.618330,77.213901,10.12,3.03,21.5,89.1,471
2023-01-01T10:07:53.000Z,28.618313,77.213890,9.62,3.49,21.3,94.6,472
2023-01-01T10:07:54.000Z,28.618322,77.213933,9.12,2.66,21.2,95.2,473
2023-01-01T10:07:55.000Z,28.618305,77.213920,8.64,2.97,21.0,87.2,474
2023-01-01T10:07:56.000Z,28.618325,77.213937,8.16,3.18,20.8,92.2,475
2023-01-01T10:07:57.000Z,28.618318,77.213990,7.71,3.44,20.7,82.6,476
2023-01-01T10:07:58.000Z,28.618339,77.213973,7.28,2.66,20.5,84.4,477
2023-01-01T10:07:59.000Z,28.618310,77.214008,6.87,2.40,20.3,99.9,478
2023-01-01T10:08:00.000Z,28.618365,77.214017,6.50,3.73,20.2,97.3,479
2023-01-01T10:08:01.000Z,28.618344,77.213999,6.16,3.91,20.0,96.7,480
2023-01-01T10:08:02.000Z,28.618393,77.214035,5.86,2.73,19.8,84.1,481
2023-01-01T10:08:03.000Z,28.618423,77.214089,5.60,3.58,19.7,89.6,482
2023-01-01T10:08:04.000Z,28.618434,77.214122,5.38,3.80,19.5,95.9,483
2023-01-01T10:08:05.000Z,28.618435,77.214143,5.22,3.79,19.3,89.2,484
2023-01-01T10:08:06.000Z,28.618430,77.214185,5.09,2.82,19.2,81.4,485
2023-01-01T10:08:07.000Z,28.618403,77.214154,5.02,2.53,19.0,92.8,486
2023-01-01T10:08:08.000Z,28.618456,77.214164,5.00,2.69,18.8,93.3,487
2023-01-01T10:08:09.000Z,28.618513,77.214135,5.03,3.79,18.7,85.7,488
2023-01-01T10:08:10.000Z,28.618547,77.214100,5.11,2.29,18.5,86.0,489
2023-01-01T10:08:11.000Z,28.618551,77.214139,5.23,3.92,18.3,88.6,490
2023-01-01T10:08:12.000Z,28.618565,77.214186,5.41,4.00,18.2,84.5,491
2023-01-01T10:08:13.000Z,28.618539,77.214215,5.62,3.33,18.0,96.2,492
2023-01-01T10:08:14.000Z,28.618552,77.214200,5.89,3.30,17.8,87.7,493
2023-01-01T10:08:16.000Z,28.618664,77.214285,6.54,3.17,17.5,97.4,495
2023-01-01T10:08:17.000Z,28.618647,77.214276,6.91,2.95,17.3,97.0,496
2023-01-01T10:08:18.000Z,28.618616,77.214272,7.32,2.86,17.2,89.7,497
2023-01-01T10:08:19.000Z,28.618653,77.214277,7.76,3.96,17.0,81.0,498
2023-01-01T10:08:20.000Z,28.618642,77.214313,8.21,2.08,16.8,99.6,499
2023-01-01T10:08:21.000Z,28.618668,77.214348,8.69,3.63,16.7,83.9,500
2023-01-01T10:08:22.000Z,28.618669,77.214386,9.18,2.11,16.5,96.8,501
2023-01-01T10:08:23.000Z,28.618677,77.214415,9.67,3.74,16.3,84.9,502
2023-01-01T10:08:24.000Z,28.618639,77.214473,10.17,3.04,16.2,80.2,503
2023-01-01T10:08:25.000Z,28.618632,77.214487,10.67,2.87,16.0,91.1,504
2023-01-01T10:08:26.000Z,28.618689,77.214508,11.16,2.03,15.8,97.7,505
2023-01-01T10:08:27.000Z,28.618721,77.214482,11.64,3.58,15.7,81.4,506
2023-01-01T10:08:28.000Z,28.618767,77.214493,12.10,3.60,15.5,82.9,507
2023-01-01T10:08:29.000Z,28.618787,77.214502,12.55,3.83,15.3,88.3,508
2023-01-01T10:08:30.000Z,28.618790,77.214559,12.96,3.40,15.2,82.8,509
2023-01-01T10:08:31.000Z,28.618785,77.214579,13.35,3.11,15.0,84.1,510
2023-01-01T10:08:32.000Z,28.618765,77.214625,13.70,2.51,14.8,85.5,511
2023-01-01T10:08:33.000Z,28.618803,77.214647,14.02,2.33,14.7,95.6,512
2023-01-01T10:08:34.000Z,28.618801,77.214660,14.30,2.11,14.5,91.0,513
2023-01-01T10:08:35.000Z,28.618860,77.214656,14.53,2.76,14.3,84.4,514
2023-01-01T10:08:36.000Z,28.618854,77.214704,14.72,2.56,14.2,81.4,515
2023-01-01T10:08:37.000Z,28.618870,77.214676,14.86,3.38,14.0,82.4,516
2023-01-01T10:08:38.000Z,28.618889,77.214668,14.95,3.89,13.8,93.7,517
2023-01-01T10:08:39.000Z,28.618934,77.214649,15.00,3.78,13.7,88.0,518
2023-01-01T10:08:40.000Z,28.618954,77.214620,14.99,2.85,13.5,88.5,519
2023-01-01T10:08:41.000Z,28.618952,77.214623,14.93,3.23,13.3,90.9,520
2023-01-01T10:08:42.000Z,28.618996,77.214648,14.83,2.81,13.2,96.7,521
2023-01-01T10:08:43.000Z,28.619048,77.214619,14.67,2.86,13.0,88.5,522
2023-01-01T10:08:44.000Z,28.619015,77.214612,14.47,3.34,12.8,99.8,523
2023-01-01T10:08:45.000Z,28.618977,77.214580,14.23,2.55,12.7,83.2,524
2023-01-01T10:08:46.000Z,28.619003,77.214601,13.94,2.24,12.5,94.5,525
2023-01-01T10:08:47.000Z,28.619018,77.214575,13.61,2.55,12.3,88.9,526
2023-01-01T10:08:48.000Z,28.619059,77.214579,13.25,2.24,12.2,94.6,527
2023-01-01T10:08:49.000Z,28.619118,77.214587,12.85,3.10,12.0,82.9,528
2023-01-01T10:08:50.000Z,28.619138,77.214596,12.43,2.62,11.8,84.9,529
2023-01-01T10:08:51.000Z,28.619156,77.214623,11.98,2.28,11.7,95.5,530
2023-01-01T10:08:52.000Z,28.619156,77.214668,11.51,3.99,11.5,96.3,531
2023-01-01T10:08:53.000Z,28.619199,77.214686,11.03,2.27,11.3,85.1,532
2023-01-01T10:08:54.000Z,28.619170,77.214670,10.53,2.85,11.2,86.0,533
2023-01-01T10:08:55.000Z,28.619224,77.214684,10.04,2.66,11.0,90.9,534
2023-01-01T10:08:56.000Z,28.619282,77.214705,9.54,3.41,10.8,95.7,535
2023-01-01T10:08:57.000Z,28.619266,77.214704,9.04,2.01,10.7,99.8,536
2023-01-01T10:08:58.000Z,28.619322,77.214723,8.56,3.89,10.5,93.2,537
2023-01-01T10:08:59.000Z,28.619373,77.214723,8.09,2.97,10.3,98.2,538
2023-01-01T10:09:00.000Z,28.619358,77.214704,7.63,2.42,10.2,94.1,539
2023-01-01T10:09:01.000Z,28.619356,77.214755,7.21,3.93,10.0,81.5,540
2023-01-01T10:09:02.000Z,28.619335,77.214804,6.81,2.80,9.8,91.7,541
2023-01-01T10:09:03.000Z,28.619350,77.214765,6.44,2.22,9.7,97.5,542
2023-01-01T10:09:04.000Z,28.619319,77.214773,6.11,3.29,9.5,91.7,543
2023-01-01T10:09:05.000Z,28.619373,77.214789,5.81,2.34,9.3,95.2,544
2023-01-01T10:09:06.000Z,28.619348,77.214754,5.56,2.92,9.2,83.0,545
2023-01-01T10:09:07.000Z,28.619365,77.214746,5.35,2.08,9.0,93.6,546
2023-01-01T10:09:08.000Z,28.619412,77.214794,5.19,3.53,8.8,86.8,547
2023-01-01T10:09:09.000Z,28.619386,77.214830,5.08,3.87,8.7,94.8,548
2023-01-01T10:09:10.000Z,28.619371,77.214831,5.02,2.46,8.5,85.1,549
2023-01-01T10:09:11.000Z,28.619368,77.214845,5.00,3.05,8.3,93.4,550
2023-01-01T10:09:12.000Z,28.619394,77.214875,5.04,2.73,8.2,83.1,551
2023-01-01T10:09:13.000Z,28.619381,77.214856,5.12,3.10,8.0,92.2,552
2023-01-01T10:09:14.000Z,28.619374,77.214818,5.26,2.51,7.8,85.9,553
2023-01-01T10:09:15.000Z,28.619413,77.214803,5.44,3.23,7.7,82.2,554
2023-01-01T10:09:17.000Z,28.619409,77.214861,5.94,2.61,7.3,97.2,556
2023-01-01T10:09:18.000Z,28.619392,77.214871,6.25,2.17,7.2,99.6,557
2023-01-01T10:09:19.000Z,28.619369,77.214920,6.60,2.95,7.0,91.8,558
2023-01-01T10:09:20.000Z,28.619342,77.214943,6.98,2.11,6.8,84.4,559
2023-01-01T10:09:21.000Z,28.619332,77.214943,7.39,3.02,6.7,88.7,560
2023-01-01T10:09:22.000Z,28.619372,77.214911,7.83,3.72,6.5,82.5,561
2023-01-01T10:09:23.000Z,28.619384,77.214878,8.29,3.98,6.3,85.3,562
2023-01-01T10:09:24.000Z,28.619378,77.214895,8.77,2.40,6.2,96.6,563
2023-01-01T10:09:25.000Z,28.619343,77.214863,9.26,2.94,6.0,99.7,564
2023-01-01T10:09:26.000Z,28.619326,77.214917,9.76,3.19,5.8,87.0,565
2023-01-01T10:09:27.000Z,28.619320,77.214973,10.26,3.33,5.7,91.9,566
2023-01-01T10:09:28.000Z,28.619357,77.215015,10.75,3.38,5.5,94.1,567
2023-01-01T10:09:29.000Z,28.619378,77.215001,11.24,3.45,5.3,91.6,568
2023-01-01T10:09:30.000Z,28.619383,77.214996,11.72,2.93,5.2,91.3,569
2023-01-01T10:09:31.000Z,28.619365,77.215001,12.18,3.56,5.0,95.8,570
2023-01-01T10:09:32.000Z,28.619423,77.215042,12.62,2.36,4.8,93.8,571
2023-01-01T10:09:33.000Z,28.619406,77.215038,13.03,3.22,4.7,91.5,572
2023-01-01T10:09:34.000Z,28.619403,77.215019,13.41,3.32,4.5,83.8,573
2023-01-01T10:09:35.000Z,28.619457,77.215022,13.76,2.66,4.3,95.5,574
2023-01-01T10:09:36.000Z,28.619484,77.215019,14.07,3.33,4.2,93.8,575
2023-01-01T10:09:37.000Z,28.619469,77.215054,14.34,2.50,4.0,98.3,576
2023-01-01T10:09:38.000Z,28.619466,77.215085,14.57,2.59,3.8,82.4,577
2023-01-01T10:09:39.000Z,28.619463,77.215069,14.75,3.42,3.7,95.0,578
2023-01-01T10:09:40.000Z,28.619513,77.215089,14.88,3.42,3.5,84.5,579
2023-01-01T10:09:41.000Z,28.619555,77.215118,14.96,3.58,3.3,86.4,580
2023-01-01T10:09:42.000Z,28.619608,77.215128,15.00,3.40,3.2,82.4,581
2023-01-01T10:09:43.000Z,28.619603,77.215138,14.98,2.55,3.0,83.6,582
2023-01-01T10:09:44.000Z,28.619639,77.215158,14.92,2.09,2.8,88.9,583
2023-01-01T10:09:45.000Z,28.619617,77.215126,14.80,2.69,2.7,96.6,584
2023-01-01T10:09:46.000Z,28.619590,77.215173,14.64,3.71,2.5,88.7,585
2023-01-01T10:09:47.000Z,28.619612,77.215152,14.43,2.48,2.3,86.0,586
2023-01-01T10:09:48.000Z,28.619637,77.215208,14.18,2.14,2.2,80.1,587
2023-01-01T10:09:49.000Z,28.619677,77.215209,13.89,2.08,2.0,91.2,588
2023-01-01T10:09:50.000Z,28.619691,77.215249,13.55,2.41,1.8,93.2,589
2023-01-01T10:09:51.000Z,28.619715,77.215305,13.18,3.24,1.7,93.6,590
2023-01-01T10:09:52.000Z,28.619677,77.215356,12.78,3.46,1.5,89.3,591
2023-01-01T10:09:53.000Z,28.619733,77.215394,12.35,3.20,1.3,83.2,592
2023-01-01T10:09:54.000Z,28.619770,77.215423,11.90,2.46,1.2,99.8,593
2023-01-01T10:09:55.000Z,28.619747,77.215474,11.43,3.83,1.0,96.6,594
2023-01-01T10:09:56.000Z,28.619750,77.215490,10.95,3.44,0.8,98.7,595
2023-01-01T10:09:57.000Z,28.619793,77.215491,10.45,2.11,0.7,80.2,596
2023-01-01T10:09:58.000Z,28.619756,77.215472,9.95,3.08,0.5,80.5,597
2023-01-01T10:09:59.000Z,28.619811,77.215459,9.45,2.68,0.3,97.9,598
2023-01-01T10:10:00.000Z,28.619857,77.215498,8.96,2.76,0.2,85.5,599
